"index","full_name","name","private","fork","archived","html_url","updated_at"
"1","executiveusa/-e-commerce-remix","-e-commerce-remix","False","True","False","https://github.com/executiveusa/-e-commerce-remix","2025-10-13T09:41:03Z"
"2","executiveusa/-la-pina-cdmx","-la-pina-cdmx","False","True","False","https://github.com/executiveusa/-la-pina-cdmx","2026-01-14T08:42:29Z"
"3","executiveusa/-lightning-claude-memory-agent","-lightning-claude-memory-agent","False","True","False","https://github.com/executiveusa/-lightning-claude-memory-agent","2025-10-31T07:28:00Z"
"4","executiveusa/-yt-knowledge-extractor","-yt-knowledge-extractor","False","False","False","https://github.com/executiveusa/-yt-knowledge-extractor","2025-12-17T05:07:32Z"
"5","executiveusa/abby-wellness-nexus","abby-wellness-nexus","True","False","False","https://github.com/executiveusa/abby-wellness-nexus","2026-01-14T18:31:01Z"
"6","executiveusa/acip","acip","False","True","False","https://github.com/executiveusa/acip","2026-02-16T05:25:35Z"
"7","executiveusa/actual-stash","actual-stash","False","True","False","https://github.com/executiveusa/actual-stash","2025-12-31T18:25:04Z"
"8","executiveusa/AdventureLog-kupri","AdventureLog-kupri","False","True","False","https://github.com/executiveusa/AdventureLog-kupri","2026-02-01T14:17:14Z"
"9","executiveusa/AFRO-CLIPZ","AFRO-CLIPZ","False","True","False","https://github.com/executiveusa/AFRO-CLIPZ","2026-01-20T18:23:58Z"
"10","executiveusa/afroscribble","afroscribble","True","False","False","https://github.com/executiveusa/afroscribble","2025-11-03T20:28:56Z"
"11","executiveusa/agent-indigo","agent-indigo","True","False","False","https://github.com/executiveusa/agent-indigo","2026-01-17T19:54:43Z"
"12","executiveusa/agent-kupuri-template","agent-kupuri-template","False","True","False","https://github.com/executiveusa/agent-kupuri-template","2026-01-21T04:58:28Z"
"13","executiveusa/agent-zero-Fork","agent-zero-Fork","False","True","False","https://github.com/executiveusa/agent-zero-Fork","2026-02-16T10:48:03Z"
"14","executiveusa/Agentic-AIGC-MAXX-EDITS","Agentic-AIGC-MAXX-EDITS","False","True","False","https://github.com/executiveusa/Agentic-AIGC-MAXX-EDITS","2026-02-12T18:52:09Z"
"15","executiveusa/agent_flywheel_clawdbot_skills_and_integrations","agent_flywheel_clawdbot_skills_and_integrations","False","True","False","https://github.com/executiveusa/agent_flywheel_clawdbot_skills_and_integrations","2026-02-16T05:25:43Z"
"16","executiveusa/ai-sdk-computer-use","ai-sdk-computer-use","True","False","False","https://github.com/executiveusa/ai-sdk-computer-use","2025-10-14T19:25:06Z"
"17","executiveusa/ai-tool-kit","ai-tool-kit","False","True","False","https://github.com/executiveusa/ai-tool-kit","2025-10-13T10:45:09Z"
"18","executiveusa/AI-Youtube-Shorts-Generator","AI-Youtube-Shorts-Generator","False","True","False","https://github.com/executiveusa/AI-Youtube-Shorts-Generator","2025-12-10T19:31:19Z"
"19","executiveusa/AionUi-cowork","AionUi-cowork","False","True","False","https://github.com/executiveusa/AionUi-cowork","2026-01-21T20:19:09Z"
"20","executiveusa/airbnbauto","airbnbauto","True","False","False","https://github.com/executiveusa/airbnbauto","2025-10-24T11:36:30Z"
"21","executiveusa/aiwear-trend-hub","aiwear-trend-hub","True","False","False","https://github.com/executiveusa/aiwear-trend-hub","2025-04-20T21:06:47Z"
"22","executiveusa/aiwear-trend-hub-c0e24ba8","aiwear-trend-hub-c0e24ba8","True","False","False","https://github.com/executiveusa/aiwear-trend-hub-c0e24ba8","2025-10-14T04:47:54Z"
"23","executiveusa/akash-engine-2.0","akash-engine-2.0","True","False","False","https://github.com/executiveusa/akash-engine-2.0","2025-11-01T19:02:36Z"
"24","executiveusa/akash-last-edit","akash-last-edit","True","False","False","https://github.com/executiveusa/akash-last-edit","2025-10-13T01:59:34Z"
"25","executiveusa/akash-master-files","akash-master-files","True","False","False","https://github.com/executiveusa/akash-master-files","2025-11-07T23:58:12Z"
"26","executiveusa/akash-master-files-2","akash-master-files-2","True","False","False","https://github.com/executiveusa/akash-master-files-2","2025-09-27T23:34:46Z"
"27","executiveusa/akash-master-files-3","akash-master-files-3","True","False","False","https://github.com/executiveusa/akash-master-files-3","2025-09-27T23:35:27Z"
"28","executiveusa/akash-master-files.2.0","akash-master-files.2.0","True","False","False","https://github.com/executiveusa/akash-master-files.2.0","2025-10-12T23:29:41Z"
"29","executiveusa/akash-master.1.0","akash-master.1.0","True","False","False","https://github.com/executiveusa/akash-master.1.0","2025-10-12T23:07:04Z"
"30","executiveusa/akash-orbit-platform","akash-orbit-platform","True","False","False","https://github.com/executiveusa/akash-orbit-platform","2025-08-28T21:47:35Z"
"31","executiveusa/AKASHPORTFOLIO","AKASHPORTFOLIO","False","True","False","https://github.com/executiveusa/AKASHPORTFOLIO","2026-02-07T18:37:28Z"
"32","executiveusa/allweatherroofs","allweatherroofs","True","False","False","https://github.com/executiveusa/allweatherroofs","2025-12-15T16:18:22Z"
"33","executiveusa/alphadeltarecycling","alphadeltarecycling","True","False","False","https://github.com/executiveusa/alphadeltarecycling","2025-10-13T21:31:42Z"
"34","executiveusa/amentislibrary","amentislibrary","True","False","False","https://github.com/executiveusa/amentislibrary","2026-02-16T11:05:36Z"
"35","executiveusa/ani-maze","ani-maze","True","False","False","https://github.com/executiveusa/ani-maze","2025-05-18T14:16:39Z"
"36","executiveusa/animeta-roblox-craft","animeta-roblox-craft","True","False","False","https://github.com/executiveusa/animeta-roblox-craft","2025-05-18T04:52:09Z"
"37","executiveusa/apify-studiobuilder","apify-studiobuilder","True","False","False","https://github.com/executiveusa/apify-studiobuilder","2025-06-18T17:03:41Z"
"38","executiveusa/archon-ghl-automator","archon-ghl-automator","True","False","False","https://github.com/executiveusa/archon-ghl-automator","2025-06-16T11:18:57Z"
"39","executiveusa/archon-lovable-nexus","archon-lovable-nexus","False","False","False","https://github.com/executiveusa/archon-lovable-nexus","2025-12-12T18:37:30Z"
"40","executiveusa/archon-ui-forge","archon-ui-forge","True","False","False","https://github.com/executiveusa/archon-ui-forge","2025-05-25T16:42:33Z"
"41","executiveusa/ARCHON-X2.0","ARCHON-X2.0","False","False","False","https://github.com/executiveusa/ARCHON-X2.0","2025-07-06T21:05:25Z"
"42","executiveusa/archonx-os","archonx-os","False","False","False","https://github.com/executiveusa/archonx-os","2026-02-20T14:02:04Z"
"43","executiveusa/arkan-os-branding","arkan-os-branding","True","False","False","https://github.com/executiveusa/arkan-os-branding","2025-07-18T16:38:33Z"
"44","executiveusa/artist-fold-gallery","artist-fold-gallery","True","False","False","https://github.com/executiveusa/artist-fold-gallery","2025-06-02T07:53:31Z"
"45","executiveusa/auto-shop-turkey","auto-shop-turkey","False","False","False","https://github.com/executiveusa/auto-shop-turkey","2025-10-14T20:21:55Z"
"46","executiveusa/AutoAgent","AutoAgent","False","True","False","https://github.com/executiveusa/AutoAgent","2025-10-13T05:59:56Z"
"47","executiveusa/AVATAR","AVATAR","False","False","False","https://github.com/executiveusa/AVATAR","2025-09-20T23:01:13Z"
"48","executiveusa/balldontlie","balldontlie","True","False","False","https://github.com/executiveusa/balldontlie","2025-03-10T04:59:52Z"
"49","executiveusa/base-stack-vite","base-stack-vite","False","True","False","https://github.com/executiveusa/base-stack-vite","2025-10-13T09:54:12Z"
"50","executiveusa/biophillia-blog","biophillia-blog","True","False","False","https://github.com/executiveusa/biophillia-blog","2025-06-23T18:18:53Z"
"51","executiveusa/black-mirror","black-mirror","True","False","False","https://github.com/executiveusa/black-mirror","2025-06-16T05:01:43Z"
"52","executiveusa/blockerbuiltautosales","blockerbuiltautosales","True","False","False","https://github.com/executiveusa/blockerbuiltautosales","2025-03-01T14:27:16Z"
"53","executiveusa/BMAD-METHOD","BMAD-METHOD","False","True","False","https://github.com/executiveusa/BMAD-METHOD","2025-10-15T10:03:05Z"
"54","executiveusa/BOILER-BOYZ","BOILER-BOYZ","True","False","False","https://github.com/executiveusa/BOILER-BOYZ","2025-09-19T22:51:57Z"
"55","executiveusa/BOILERBOYZ","BOILERBOYZ","True","False","False","https://github.com/executiveusa/BOILERBOYZ","2025-07-21T18:06:15Z"
"56","executiveusa/botanical-memories","botanical-memories","True","False","False","https://github.com/executiveusa/botanical-memories","2026-01-21T09:18:43Z"
"57","executiveusa/breatheinternational","breatheinternational","True","False","False","https://github.com/executiveusa/breatheinternational","2025-12-13T18:20:02Z"
"58","executiveusa/Business-Website-Template-kimi-K2","Business-Website-Template-kimi-K2","False","True","False","https://github.com/executiveusa/Business-Website-Template-kimi-K2","2025-10-29T08:49:00Z"
"59","executiveusa/butterflytracker","butterflytracker","False","False","False","https://github.com/executiveusa/butterflytracker","2026-02-19T09:00:00Z"
"60","executiveusa/cafe-cultura-","cafe-cultura-","False","True","False","https://github.com/executiveusa/cafe-cultura-","2026-02-07T03:04:17Z"
"61","executiveusa/chakrana","chakrana","False","False","False","https://github.com/executiveusa/chakrana","2025-12-06T08:56:29Z"
"62","executiveusa/chat-bot-template","chat-bot-template","True","False","False","https://github.com/executiveusa/chat-bot-template","2025-09-26T21:36:49Z"
"63","executiveusa/chatgami-supabuddy","chatgami-supabuddy","True","False","False","https://github.com/executiveusa/chatgami-supabuddy","2025-03-10T06:13:52Z"
"64","executiveusa/chef-code-ide","chef-code-ide","False","True","False","https://github.com/executiveusa/chef-code-ide","2026-02-12T21:57:34Z"
"65","executiveusa/CHEGGIE-AI-Trader","CHEGGIE-AI-Trader","False","True","False","https://github.com/executiveusa/CHEGGIE-AI-Trader","2025-12-16T06:57:54Z"
"66","executiveusa/cheggie-lifestyle-finance","cheggie-lifestyle-finance","True","False","False","https://github.com/executiveusa/cheggie-lifestyle-finance","2026-01-14T06:59:39Z"
"67","executiveusa/chromium-fork-browser","chromium-fork-browser","False","True","False","https://github.com/executiveusa/chromium-fork-browser","2026-02-11T09:45:15Z"
"68","executiveusa/cinematic-smart-funnels-launchpad","cinematic-smart-funnels-launchpad","True","False","False","https://github.com/executiveusa/cinematic-smart-funnels-launchpad","2025-04-21T17:20:32Z"
"69","executiveusa/clandestino-rebellion-launch","clandestino-rebellion-launch","True","False","False","https://github.com/executiveusa/clandestino-rebellion-launch","2025-06-02T06:39:41Z"
"70","executiveusa/claude-kosmos-2_5-containerized","claude-kosmos-2_5-containerized","False","True","False","https://github.com/executiveusa/claude-kosmos-2_5-containerized","2026-01-07T13:10:04Z"
"71","executiveusa/claude-suna-kortix","claude-suna-kortix","False","True","False","https://github.com/executiveusa/claude-suna-kortix","2025-11-05T17:59:27Z"
"72","executiveusa/claude-task-master","claude-task-master","False","True","False","https://github.com/executiveusa/claude-task-master","2025-06-13T09:53:17Z"
"73","executiveusa/clawdbot-Whatsapp-agent","clawdbot-Whatsapp-agent","False","True","False","https://github.com/executiveusa/clawdbot-Whatsapp-agent","2026-02-19T20:58:32Z"
"74","executiveusa/cloneflow-ai-sites","cloneflow-ai-sites","True","False","False","https://github.com/executiveusa/cloneflow-ai-sites","2026-01-07T12:55:22Z"
"75","executiveusa/CLONELY-FANZ","CLONELY-FANZ","False","False","False","https://github.com/executiveusa/CLONELY-FANZ","2026-01-07T12:55:57Z"
"76","executiveusa/coachdavis","coachdavis","True","False","False","https://github.com/executiveusa/coachdavis","2025-12-03T06:10:20Z"
"77","executiveusa/codex-craft-forge","codex-craft-forge","True","False","False","https://github.com/executiveusa/codex-craft-forge","2026-01-07T12:56:27Z"
"78","executiveusa/coding_agent_session_search","coding_agent_session_search","False","True","False","https://github.com/executiveusa/coding_agent_session_search","2026-02-16T05:25:49Z"
"79","executiveusa/coding_agent_usage_tracker","coding_agent_usage_tracker","False","True","False","https://github.com/executiveusa/coding_agent_usage_tracker","2026-02-16T05:25:56Z"
"80","executiveusa/continue-claude-agent","continue-claude-agent","False","True","False","https://github.com/executiveusa/continue-claude-agent","2025-11-04T18:24:14Z"
"81","executiveusa/cruise-reposition-oasis","cruise-reposition-oasis","True","False","False","https://github.com/executiveusa/cruise-reposition-oasis","2025-11-23T05:44:31Z"
"82","executiveusa/crush","crush","False","True","False","https://github.com/executiveusa/crush","2026-02-14T11:04:20Z"
"83","executiveusa/cryptocuties","cryptocuties","True","False","False","https://github.com/executiveusa/cryptocuties","2025-03-14T17:35:43Z"
"84","executiveusa/crystal-memory-cube","crystal-memory-cube","True","False","False","https://github.com/executiveusa/crystal-memory-cube","2026-01-07T12:56:55Z"
"85","executiveusa/cult-directory-template","cult-directory-template","False","True","False","https://github.com/executiveusa/cult-directory-template","2025-12-04T09:54:37Z"
"86","executiveusa/culture-shock-sports","culture-shock-sports","True","False","False","https://github.com/executiveusa/culture-shock-sports","2026-01-14T20:37:02Z"
"87","executiveusa/cultureshocksports","cultureshocksports","True","False","False","https://github.com/executiveusa/cultureshocksports","2026-01-07T12:58:11Z"
"88","executiveusa/darya-design-agent","darya-design-agent","False","True","False","https://github.com/executiveusa/darya-design-agent","2025-10-23T21:10:20Z"
"89","executiveusa/darya-design-throne","darya-design-throne","True","False","False","https://github.com/executiveusa/darya-design-throne","2026-02-19T19:39:56Z"
"90","executiveusa/Darya-designs","Darya-designs","False","True","False","https://github.com/executiveusa/Darya-designs","2026-02-19T06:54:03Z"
"91","executiveusa/darya-next-js-landing-page","darya-next-js-landing-page","False","True","False","https://github.com/executiveusa/darya-next-js-landing-page","2025-10-31T06:42:11Z"
"92","executiveusa/dash-vega-luxe","dash-vega-luxe","True","False","False","https://github.com/executiveusa/dash-vega-luxe","2026-01-07T12:58:55Z"
"93","executiveusa/dashboard-agent-swarm","dashboard-agent-swarm","True","False","False","https://github.com/executiveusa/dashboard-agent-swarm","2026-02-19T23:10:13Z"
"94","executiveusa/ddev-diffy-agent-zero-","ddev-diffy-agent-zero-","False","True","False","https://github.com/executiveusa/ddev-diffy-agent-zero-","2026-01-15T17:17:06Z"
"95","executiveusa/devika-agent","devika-agent","False","True","False","https://github.com/executiveusa/devika-agent","2026-02-20T10:32:24Z"
"96","executiveusa/digital-odyssey-scroll","digital-odyssey-scroll","True","False","False","https://github.com/executiveusa/digital-odyssey-scroll","2026-01-07T12:59:14Z"
"97","executiveusa/dispatchhelper","dispatchhelper","False","False","False","https://github.com/executiveusa/dispatchhelper","2026-01-07T12:59:36Z"
"98","executiveusa/dispatchhelper2","dispatchhelper2","True","False","False","https://github.com/executiveusa/dispatchhelper2","2026-01-07T13:00:01Z"
"99","executiveusa/ECO-TOUR-DIRECTORY","ECO-TOUR-DIRECTORY","False","False","False","https://github.com/executiveusa/ECO-TOUR-DIRECTORY","2025-12-04T09:56:07Z"
"100","executiveusa/emergent-wealth-culture","emergent-wealth-culture","False","False","False","https://github.com/executiveusa/emergent-wealth-culture","2026-01-29T06:40:00Z"
"101","executiveusa/enaswigsandhair","enaswigsandhair","True","False","False","https://github.com/executiveusa/enaswigsandhair","2026-01-07T13:01:43Z"
"102","executiveusa/evershop-e-commerece","evershop-e-commerece","False","True","False","https://github.com/executiveusa/evershop-e-commerece","2025-10-13T16:06:13Z"
"103","executiveusa/factory-droid-wrap-","factory-droid-wrap-","False","True","False","https://github.com/executiveusa/factory-droid-wrap-","2025-10-27T05:05:38Z"
"104","executiveusa/fancynancyai","fancynancyai","True","False","False","https://github.com/executiveusa/fancynancyai","2026-01-07T13:02:07Z"
"105","executiveusa/fish-on-texas","fish-on-texas","True","False","False","https://github.com/executiveusa/fish-on-texas","2026-01-07T13:10:53Z"
"106","executiveusa/flow-profit","flow-profit","True","False","False","https://github.com/executiveusa/flow-profit","2025-10-11T08:40:18Z"
"107","executiveusa/frankenstackbyfranklyai","frankenstackbyfranklyai","True","False","False","https://github.com/executiveusa/frankenstackbyfranklyai","2026-01-20T18:51:38Z"
"108","executiveusa/fritco-locale-scaffold","fritco-locale-scaffold","True","False","False","https://github.com/executiveusa/fritco-locale-scaffold","2025-11-07T00:10:13Z"
"109","executiveusa/fritco-v2","fritco-v2","True","False","False","https://github.com/executiveusa/fritco-v2","2025-09-22T05:01:35Z"
"110","executiveusa/FRITHCO","FRITHCO","True","False","False","https://github.com/executiveusa/FRITHCO","2025-09-20T15:29:20Z"
"111","executiveusa/frithco-2.0","frithco-2.0","False","False","False","https://github.com/executiveusa/frithco-2.0","2025-09-17T23:50:47Z"
"112","executiveusa/frithco-3.0","frithco-3.0","True","False","False","https://github.com/executiveusa/frithco-3.0","2025-09-23T19:22:28Z"
"113","executiveusa/frithco-final-version","frithco-final-version","True","False","False","https://github.com/executiveusa/frithco-final-version","2025-09-23T19:20:44Z"
"114","executiveusa/frithco-remix","frithco-remix","False","False","False","https://github.com/executiveusa/frithco-remix","2025-09-18T00:48:33Z"
"115","executiveusa/geist-font-design","geist-font-design","False","True","False","https://github.com/executiveusa/geist-font-design","2025-10-13T09:58:58Z"
"116","executiveusa/Gemini-Desktop","Gemini-Desktop","False","True","False","https://github.com/executiveusa/Gemini-Desktop","2026-01-05T09:26:07Z"
"117","executiveusa/genie-assistant-magic","genie-assistant-magic","True","False","False","https://github.com/executiveusa/genie-assistant-magic","2026-01-07T13:02:37Z"
"118","executiveusa/glassy-focus-flow","glassy-focus-flow","True","False","False","https://github.com/executiveusa/glassy-focus-flow","2025-07-19T17:54:19Z"
"119","executiveusa/goat-alliance-scaffold","goat-alliance-scaffold","True","False","False","https://github.com/executiveusa/goat-alliance-scaffold","2026-02-16T05:58:30Z"
"120","executiveusa/goatalliance","goatalliance","False","False","False","https://github.com/executiveusa/goatalliance","2026-01-14T20:39:50Z"
"121","executiveusa/golden-heart-compass-ai","golden-heart-compass-ai","True","False","False","https://github.com/executiveusa/golden-heart-compass-ai","2026-01-07T13:03:46Z"
"122","executiveusa/goldenhearts","goldenhearts","True","False","False","https://github.com/executiveusa/goldenhearts","2026-01-28T20:12:50Z"
"123","executiveusa/GPT-Agent-im-ready","GPT-Agent-im-ready","False","True","False","https://github.com/executiveusa/GPT-Agent-im-ready","2026-02-16T09:57:36Z"
"124","executiveusa/GSAP-Awwwards-Website-","GSAP-Awwwards-Website-","False","True","False","https://github.com/executiveusa/GSAP-Awwwards-Website-","2026-01-26T08:29:33Z"
"125","executiveusa/hiring-compass","hiring-compass","True","False","False","https://github.com/executiveusa/hiring-compass","2026-02-05T19:28:41Z"
"126","executiveusa/humanatar-genesis-suite","humanatar-genesis-suite","True","False","False","https://github.com/executiveusa/humanatar-genesis-suite","2026-01-13T20:21:12Z"
"127","executiveusa/hustle","hustle","True","False","False","https://github.com/executiveusa/hustle","2026-01-07T13:04:05Z"
"128","executiveusa/hustle-claude","hustle-claude","False","True","False","https://github.com/executiveusa/hustle-claude","2026-02-12T19:09:23Z"
"129","executiveusa/hustle-claude-code","hustle-claude-code","False","True","False","https://github.com/executiveusa/hustle-claude-code","2025-10-18T21:13:57Z"
"130","executiveusa/image-template","image-template","True","False","False","https://github.com/executiveusa/image-template","2025-09-26T19:53:01Z"
"131","executiveusa/impact-city-builder-verse","impact-city-builder-verse","True","False","False","https://github.com/executiveusa/impact-city-builder-verse","2025-12-01T09:31:08Z"
"132","executiveusa/infinite-agentic-loop","infinite-agentic-loop","False","True","False","https://github.com/executiveusa/infinite-agentic-loop","2026-01-07T13:11:39Z"
"133","executiveusa/interactive-artifact","interactive-artifact","True","False","False","https://github.com/executiveusa/interactive-artifact","2025-11-29T09:23:08Z"
"134","executiveusa/ivettemilo","ivettemilo","True","False","False","https://github.com/executiveusa/ivettemilo","2025-02-24T23:50:36Z"
"135","executiveusa/ivettemushrooms","ivettemushrooms","True","False","False","https://github.com/executiveusa/ivettemushrooms","2026-01-07T13:05:02Z"
"136","executiveusa/jeannieflow-","jeannieflow-","False","False","False","https://github.com/executiveusa/jeannieflow-","2026-01-07T13:11:44Z"
"137","executiveusa/jzuart-dj-saas","jzuart-dj-saas","False","True","False","https://github.com/executiveusa/jzuart-dj-saas","2025-11-27T14:59:23Z"
"138","executiveusa/kauffmans-patterrns","kauffmans-patterrns","True","False","False","https://github.com/executiveusa/kauffmans-patterrns","2026-01-07T13:05:21Z"
"139","executiveusa/kinetic-code-canvas-dream","kinetic-code-canvas-dream","True","False","False","https://github.com/executiveusa/kinetic-code-canvas-dream","2026-01-07T13:05:45Z"
"140","executiveusa/kitchen-creations-planner-pro","kitchen-creations-planner-pro","True","False","False","https://github.com/executiveusa/kitchen-creations-planner-pro","2026-01-07T13:06:05Z"
"141","executiveusa/kupuri-media-website","kupuri-media-website","True","False","False","https://github.com/executiveusa/kupuri-media-website","2025-11-02T04:26:27Z"
"142","executiveusa/Kupuri-studios","Kupuri-studios","False","True","False","https://github.com/executiveusa/Kupuri-studios","2026-01-26T15:12:12Z"
"143","executiveusa/kupuri-studios-landing","kupuri-studios-landing","False","False","False","https://github.com/executiveusa/kupuri-studios-landing","2026-01-27T07:06:39Z"
"144","executiveusa/la-silueta","la-silueta","True","False","False","https://github.com/executiveusa/la-silueta","2026-01-07T13:06:24Z"
"145","executiveusa/lamonarchaintl","lamonarchaintl","True","False","False","https://github.com/executiveusa/lamonarchaintl","2026-01-07T13:06:47Z"
"146","executiveusa/landscaping1","landscaping1","True","False","False","https://github.com/executiveusa/landscaping1","2025-12-01T16:49:30Z"
"147","executiveusa/lapina","lapina","True","False","False","https://github.com/executiveusa/lapina","2025-09-21T06:54:08Z"
"148","executiveusa/legalai-nexus-core","legalai-nexus-core","True","False","False","https://github.com/executiveusa/legalai-nexus-core","2026-01-07T13:07:12Z"
"149","executiveusa/leon-avatar-fork-","leon-avatar-fork-","False","True","False","https://github.com/executiveusa/leon-avatar-fork-","2025-12-04T10:01:18Z"
"150","executiveusa/lovable-ai-dreamweaver","lovable-ai-dreamweaver","True","False","False","https://github.com/executiveusa/lovable-ai-dreamweaver","2025-09-10T07:24:33Z"
"151","executiveusa/Lumina-DiMOO-image-generator","Lumina-DiMOO-image-generator","False","True","False","https://github.com/executiveusa/Lumina-DiMOO-image-generator","2025-10-13T16:16:48Z"
"152","executiveusa/lux-desktop-claude","lux-desktop-claude","False","True","False","https://github.com/executiveusa/lux-desktop-claude","2026-01-07T13:09:56Z"
"153","executiveusa/macs-agent-portal","macs-agent-portal","False","False","False","https://github.com/executiveusa/macs-agent-portal","2026-02-09T12:24:19Z"
"154","executiveusa/macscryptocasino","macscryptocasino","True","False","False","https://github.com/executiveusa/macscryptocasino","2026-01-07T13:12:52Z"
"155","executiveusa/macstraxx","macstraxx","True","False","False","https://github.com/executiveusa/macstraxx","2025-03-10T05:07:21Z"
"156","executiveusa/mastertoon","mastertoon","True","False","False","https://github.com/executiveusa/mastertoon","2026-01-07T13:13:20Z"
"157","executiveusa/maxx-casino-portal","maxx-casino-portal","True","False","False","https://github.com/executiveusa/maxx-casino-portal","2025-10-24T11:37:48Z"
"158","executiveusa/maxx-clipz","maxx-clipz","True","False","False","https://github.com/executiveusa/maxx-clipz","2026-01-07T13:13:25Z"
"159","executiveusa/maxx-coze-studio","maxx-coze-studio","False","True","False","https://github.com/executiveusa/maxx-coze-studio","2026-01-07T13:14:11Z"
"160","executiveusa/maxx-craft","maxx-craft","True","False","False","https://github.com/executiveusa/maxx-craft","2026-02-19T19:41:04Z"
"161","executiveusa/MAXX-Research","MAXX-Research","False","True","False","https://github.com/executiveusa/MAXX-Research","2025-10-26T05:26:18Z"
"162","executiveusa/MAXX-Video-Agent","MAXX-Video-Agent","False","True","False","https://github.com/executiveusa/MAXX-Video-Agent","2025-10-26T05:27:48Z"
"163","executiveusa/maxxclipz","maxxclipz","False","False","False","https://github.com/executiveusa/maxxclipz","2026-01-08T17:15:36Z"
"164","executiveusa/maxxiescraper","maxxiescraper","True","False","False","https://github.com/executiveusa/maxxiescraper","2026-01-07T13:14:37Z"
"165","executiveusa/memoryblock","memoryblock","True","False","False","https://github.com/executiveusa/memoryblock","2026-01-07T13:14:56Z"
"166","executiveusa/merlina","merlina","True","False","False","https://github.com/executiveusa/merlina","2026-01-07T13:15:19Z"
"167","executiveusa/MetaGPT","MetaGPT","False","True","False","https://github.com/executiveusa/MetaGPT","2026-02-16T09:54:02Z"
"168","executiveusa/metamorfosis-wellness-journey","metamorfosis-wellness-journey","True","False","False","https://github.com/executiveusa/metamorfosis-wellness-journey","2026-02-11T09:34:27Z"
"169","executiveusa/metamorphsis-cdmx","metamorphsis-cdmx","True","False","False","https://github.com/executiveusa/metamorphsis-cdmx","2025-12-02T11:22:01Z"
"170","executiveusa/midday-suelta-app","midday-suelta-app","False","True","False","https://github.com/executiveusa/midday-suelta-app","2026-01-18T03:57:34Z"
"171","executiveusa/miranda-portfolio-spark","miranda-portfolio-spark","True","False","False","https://github.com/executiveusa/miranda-portfolio-spark","2025-02-13T09:36:51Z"
"172","executiveusa/modernairsolutions","modernairsolutions","True","False","False","https://github.com/executiveusa/modernairsolutions","2025-09-21T06:48:22Z"
"173","executiveusa/monorepo-turborepo","monorepo-turborepo","True","False","False","https://github.com/executiveusa/monorepo-turborepo","2025-10-25T06:32:26Z"
"174","executiveusa/morpho-metrics-academy","morpho-metrics-academy","True","False","False","https://github.com/executiveusa/morpho-metrics-academy","2025-06-15T16:38:36Z"
"175","executiveusa/nano-banana-generator-pauli-fork","nano-banana-generator-pauli-fork","False","True","False","https://github.com/executiveusa/nano-banana-generator-pauli-fork","2025-10-23T07:04:44Z"
"176","executiveusa/newworldkids","newworldkids","False","False","False","https://github.com/executiveusa/newworldkids","2026-02-05T00:13:13Z"
"177","executiveusa/next-forge","next-forge","True","False","False","https://github.com/executiveusa/next-forge","2025-10-13T17:06:01Z"
"178","executiveusa/next-video-starter","next-video-starter","True","False","False","https://github.com/executiveusa/next-video-starter","2025-09-13T22:27:19Z"
"179","executiveusa/nextjs-ai-chatbot","nextjs-ai-chatbot","True","False","False","https://github.com/executiveusa/nextjs-ai-chatbot","2025-09-26T22:15:30Z"
"180","executiveusa/nextjs-commerce","nextjs-commerce","True","False","False","https://github.com/executiveusa/nextjs-commerce","2025-10-13T23:45:54Z"
"181","executiveusa/Nextjs-Ecommerce","Nextjs-Ecommerce","False","True","False","https://github.com/executiveusa/Nextjs-Ecommerce","2025-12-26T05:55:48Z"
"182","executiveusa/nextjs-enterprise-boilerplate","nextjs-enterprise-boilerplate","True","False","False","https://github.com/executiveusa/nextjs-enterprise-boilerplate","2025-03-28T12:22:47Z"
"183","executiveusa/nexusgymcdmx","nexusgymcdmx","True","False","False","https://github.com/executiveusa/nexusgymcdmx","2025-12-30T16:12:39Z"
"184","executiveusa/nicetohave","nicetohave","True","False","False","https://github.com/executiveusa/nicetohave","2025-02-25T21:58:12Z"
"185","executiveusa/nodev","nodev","True","False","False","https://github.com/executiveusa/nodev","2025-03-29T12:22:42Z"
"186","executiveusa/nomadasearch","nomadasearch","True","False","False","https://github.com/executiveusa/nomadasearch","2026-01-19T20:10:50Z"
"187","executiveusa/nomaticthecost","nomaticthecost","True","False","False","https://github.com/executiveusa/nomaticthecost","2026-02-11T09:41:01Z"
"188","executiveusa/notion-blog","notion-blog","True","False","False","https://github.com/executiveusa/notion-blog","2025-09-04T20:27:59Z"
"189","executiveusa/onboardingglobe","onboardingglobe","True","False","False","https://github.com/executiveusa/onboardingglobe","2025-05-23T04:30:33Z"
"190","executiveusa/onlook-synthi","onlook-synthi","False","True","False","https://github.com/executiveusa/onlook-synthi","2025-12-15T23:06:13Z"
"191","executiveusa/opal-art-preserve","opal-art-preserve","True","False","False","https://github.com/executiveusa/opal-art-preserve","2025-05-18T06:07:52Z"
"192","executiveusa/open-agent-platform-pauli","open-agent-platform-pauli","False","True","False","https://github.com/executiveusa/open-agent-platform-pauli","2026-02-16T09:57:20Z"
"193","executiveusa/Open-clipz","Open-clipz","True","False","False","https://github.com/executiveusa/Open-clipz","2025-10-25T20:58:56Z"
"194","executiveusa/open-interpreter-fork","open-interpreter-fork","False","True","False","https://github.com/executiveusa/open-interpreter-fork","2026-02-13T08:03:04Z"
"195","executiveusa/open-lovable","open-lovable","False","True","False","https://github.com/executiveusa/open-lovable","2025-10-28T15:53:20Z"
"196","executiveusa/opencode","opencode","False","True","False","https://github.com/executiveusa/opencode","2026-01-19T20:22:22Z"
"197","executiveusa/OPENTHC","OPENTHC","False","True","False","https://github.com/executiveusa/OPENTHC","2025-10-13T18:09:11Z"
"198","executiveusa/outlines-second-brain","outlines-second-brain","False","True","False","https://github.com/executiveusa/outlines-second-brain","2025-11-30T07:58:56Z"
"199","executiveusa/p-72343185","p-72343185","True","False","False","https://github.com/executiveusa/p-72343185","2025-04-08T11:41:04Z"
"200","executiveusa/Paper2Video-science-avatar","Paper2Video-science-avatar","False","True","False","https://github.com/executiveusa/Paper2Video-science-avatar","2025-10-13T16:19:23Z"
"201","executiveusa/pauli-brand-guidelines","pauli-brand-guidelines","False","True","False","https://github.com/executiveusa/pauli-brand-guidelines","2026-02-14T03:51:57Z"
"202","executiveusa/Pauli-claw-work","Pauli-claw-work","False","True","False","https://github.com/executiveusa/Pauli-claw-work","2026-02-17T06:06:20Z"
"203","executiveusa/pauli-comic-funnel","pauli-comic-funnel","False","False","False","https://github.com/executiveusa/pauli-comic-funnel","2026-01-10T16:58:58Z"
"204","executiveusa/pauli-deep-research","pauli-deep-research","False","True","False","https://github.com/executiveusa/pauli-deep-research","2026-02-13T06:43:19Z"
"205","executiveusa/pauli-effect-roi-wizard","pauli-effect-roi-wizard","True","False","False","https://github.com/executiveusa/pauli-effect-roi-wizard","2025-04-01T16:50:17Z"
"206","executiveusa/pauli-hyperedit","pauli-hyperedit","False","True","False","https://github.com/executiveusa/pauli-hyperedit","2026-02-19T20:03:51Z"
"207","executiveusa/pauli-remote-screen-","pauli-remote-screen-","False","True","False","https://github.com/executiveusa/pauli-remote-screen-","2026-02-08T04:40:55Z"
"208","executiveusa/pauli-security-red-hat-","pauli-security-red-hat-","False","True","False","https://github.com/executiveusa/pauli-security-red-hat-","2026-02-15T10:07:27Z"
"209","executiveusa/Pauli-spec-kit","Pauli-spec-kit","False","True","False","https://github.com/executiveusa/Pauli-spec-kit","2026-02-14T07:31:31Z"
"210","executiveusa/pauli-story-tool-kit","pauli-story-tool-kit","False","True","False","https://github.com/executiveusa/pauli-story-tool-kit","2026-02-17T10:22:03Z"
"211","executiveusa/paulis-deep-agent","paulis-deep-agent","False","True","False","https://github.com/executiveusa/paulis-deep-agent","2026-02-13T06:41:59Z"
"212","executiveusa/paulisworld-openclaw-3d","paulisworld-openclaw-3d","False","True","False","https://github.com/executiveusa/paulisworld-openclaw-3d","2026-02-19T07:54:26Z"
"213","executiveusa/payload-rancho-santiago","payload-rancho-santiago","False","True","False","https://github.com/executiveusa/payload-rancho-santiago","2025-12-30T03:28:23Z"
"214","executiveusa/peter-sung","peter-sung","False","True","False","https://github.com/executiveusa/peter-sung","2025-12-18T19:22:51Z"
"215","executiveusa/peter-sung-website","peter-sung-website","True","False","False","https://github.com/executiveusa/peter-sung-website","2025-11-03T00:13:07Z"
"216","executiveusa/phone-call-assistant","phone-call-assistant","False","True","False","https://github.com/executiveusa/phone-call-assistant","2026-02-16T08:46:21Z"
"217","executiveusa/pickaxe-nanobanana-g","pickaxe-nanobanana-g","True","False","False","https://github.com/executiveusa/pickaxe-nanobanana-g","2025-09-07T20:15:48Z"
"218","executiveusa/portal-mini-store-template-main","portal-mini-store-template-main","True","False","False","https://github.com/executiveusa/portal-mini-store-template-main","2025-08-20T16:04:34Z"
"219","executiveusa/portfolio-starter","portfolio-starter","False","True","False","https://github.com/executiveusa/portfolio-starter","2025-10-28T21:57:54Z"
"220","executiveusa/POSTA-STUDIO.V2","POSTA-STUDIO.V2","True","False","False","https://github.com/executiveusa/POSTA-STUDIO.V2","2025-11-24T06:59:32Z"
"221","executiveusa/postatees-studio","postatees-studio","False","False","False","https://github.com/executiveusa/postatees-studio","2025-11-24T05:52:02Z"
"222","executiveusa/postateesstudio-","postateesstudio-","False","False","False","https://github.com/executiveusa/postateesstudio-","2025-11-21T10:17:24Z"
"223","executiveusa/postateesstudioV.1","postateesstudioV.1","False","False","False","https://github.com/executiveusa/postateesstudioV.1","2025-11-22T05:27:41Z"
"224","executiveusa/postiz-maxx-clipz","postiz-maxx-clipz","False","True","False","https://github.com/executiveusa/postiz-maxx-clipz","2025-12-09T16:57:59Z"
"225","executiveusa/promptation","promptation","True","False","False","https://github.com/executiveusa/promptation","2025-04-12T15:50:52Z"
"226","executiveusa/prompts","prompts","False","True","False","https://github.com/executiveusa/prompts","2025-10-13T23:58:02Z"
"227","executiveusa/pv-construction-platform","pv-construction-platform","False","False","False","https://github.com/executiveusa/pv-construction-platform","2026-02-10T20:49:30Z"
"228","executiveusa/qr-code-maker","qr-code-maker","True","False","False","https://github.com/executiveusa/qr-code-maker","2025-10-13T07:36:02Z"
"229","executiveusa/que-pedo-cdmx","que-pedo-cdmx","True","False","False","https://github.com/executiveusa/que-pedo-cdmx","2025-08-25T09:39:18Z"
"230","executiveusa/r-108043","r-108043","True","False","False","https://github.com/executiveusa/r-108043","2025-03-19T08:17:12Z"
"231","executiveusa/r-108043-e63b540f","r-108043-e63b540f","True","False","False","https://github.com/executiveusa/r-108043-e63b540f","2025-03-19T09:04:32Z"
"232","executiveusa/Raft-Landing-Page","Raft-Landing-Page","False","True","False","https://github.com/executiveusa/Raft-Landing-Page","2025-11-08T01:40:36Z"
"233","executiveusa/react-agent-darya-3.0","react-agent-darya-3.0","False","True","False","https://github.com/executiveusa/react-agent-darya-3.0","2026-01-20T08:43:58Z"
"234","executiveusa/rebanada-world-pizza-hub","rebanada-world-pizza-hub","True","False","False","https://github.com/executiveusa/rebanada-world-pizza-hub","2025-05-21T22:49:21Z"
"235","executiveusa/reddit-focus-finder","reddit-focus-finder","True","False","False","https://github.com/executiveusa/reddit-focus-finder","2026-01-07T12:19:36Z"
"236","executiveusa/reddit-focus-insight","reddit-focus-insight","True","False","False","https://github.com/executiveusa/reddit-focus-insight","2026-01-07T12:22:58Z"
"237","executiveusa/reel-flux","reel-flux","True","False","False","https://github.com/executiveusa/reel-flux","2025-10-13T07:48:54Z"
"238","executiveusa/reel-flux-2","reel-flux-2","False","True","False","https://github.com/executiveusa/reel-flux-2","2025-10-13T07:53:47Z"
"239","executiveusa/remixyoursite.com","remixyoursite.com","False","True","False","https://github.com/executiveusa/remixyoursite.com","2025-10-13T09:36:07Z"
"240","executiveusa/Rube-remix","Rube-remix","False","True","False","https://github.com/executiveusa/Rube-remix","2025-10-13T06:01:02Z"
"241","executiveusa/sassyscraper","sassyscraper","True","False","False","https://github.com/executiveusa/sassyscraper","2026-01-07T12:20:56Z"
"242","executiveusa/schoolofterabithia","schoolofterabithia","True","False","False","https://github.com/executiveusa/schoolofterabithia","2026-01-07T12:20:23Z"
"243","executiveusa/seattle-reuse-exchange","seattle-reuse-exchange","False","False","False","https://github.com/executiveusa/seattle-reuse-exchange","2025-12-26T15:11:03Z"
"244","executiveusa/seattle-reuse-exchange-v2","seattle-reuse-exchange-v2","False","False","False","https://github.com/executiveusa/seattle-reuse-exchange-v2","2025-09-19T05:52:04Z"
"245","executiveusa/second-brain-agent","second-brain-agent","False","True","False","https://github.com/executiveusa/second-brain-agent","2025-06-24T22:21:52Z"
"246","executiveusa/seoforge-ai-builder","seoforge-ai-builder","True","False","False","https://github.com/executiveusa/seoforge-ai-builder","2025-05-25T05:32:43Z"
"247","executiveusa/serene-studio-flow-hub","serene-studio-flow-hub","True","False","False","https://github.com/executiveusa/serene-studio-flow-hub","2025-12-02T17:07:08Z"
"248","executiveusa/shirt-shop-example","shirt-shop-example","True","False","False","https://github.com/executiveusa/shirt-shop-example","2025-10-13T09:41:05Z"
"249","executiveusa/sista-rolls-flutter-app","sista-rolls-flutter-app","True","False","False","https://github.com/executiveusa/sista-rolls-flutter-app","2026-01-07T12:20:02Z"
"250","executiveusa/skills-introduction-to-github","skills-introduction-to-github","False","False","False","https://github.com/executiveusa/skills-introduction-to-github","2024-12-15T14:42:12Z"
"251","executiveusa/smart-plugin-portal","smart-plugin-portal","True","False","False","https://github.com/executiveusa/smart-plugin-portal","2025-02-21T09:44:18Z"
"252","executiveusa/Social-Media-Post-Generator---Encore.dev","Social-Media-Post-Generator---Encore.dev","False","True","False","https://github.com/executiveusa/Social-Media-Post-Generator---Encore.dev","2025-10-13T17:36:22Z"
"253","executiveusa/sovereign-code-cosmos","sovereign-code-cosmos","True","False","False","https://github.com/executiveusa/sovereign-code-cosmos","2025-04-14T17:22:21Z"
"254","executiveusa/speak-to-ship-control","speak-to-ship-control","True","False","False","https://github.com/executiveusa/speak-to-ship-control","2025-06-21T16:14:28Z"
"255","executiveusa/speedtolead","speedtolead","True","False","False","https://github.com/executiveusa/speedtolead","2025-10-14T07:37:38Z"
"256","executiveusa/spy-scape-mustang-maXx","spy-scape-mustang-maXx","False","False","False","https://github.com/executiveusa/spy-scape-mustang-maXx","2026-02-14T10:25:33Z"
"257","executiveusa/strapi-cloud-template-blog-e8d531af4f","strapi-cloud-template-blog-e8d531af4f","False","False","False","https://github.com/executiveusa/strapi-cloud-template-blog-e8d531af4f","2025-11-06T02:13:59Z"
"258","executiveusa/strapi-template","strapi-template","False","False","False","https://github.com/executiveusa/strapi-template","2025-10-13T05:58:00Z"
"259","executiveusa/strapi-template-new-world-kids","strapi-template-new-world-kids","False","True","False","https://github.com/executiveusa/strapi-template-new-world-kids","2026-01-20T02:12:04Z"
"260","executiveusa/strix-ai-que-pedo--","strix-ai-que-pedo--","False","True","False","https://github.com/executiveusa/strix-ai-que-pedo--","2026-02-10T03:57:21Z"
"261","executiveusa/Suenos--very_good_templates","Suenos--very_good_templates","False","True","False","https://github.com/executiveusa/Suenos--very_good_templates","2025-10-26T21:33:11Z"
"262","executiveusa/sweet-psilocybe-app","sweet-psilocybe-app","True","False","False","https://github.com/executiveusa/sweet-psilocybe-app","2025-09-26T00:25:00Z"
"263","executiveusa/sweet-psilocybe-landing","sweet-psilocybe-landing","False","False","False","https://github.com/executiveusa/sweet-psilocybe-landing","2025-12-06T09:25:36Z"
"264","executiveusa/sweetmushrooms","sweetmushrooms","False","False","False","https://github.com/executiveusa/sweetmushrooms","2025-03-03T09:43:01Z"
"265","executiveusa/synthia","synthia","False","False","False","https://github.com/executiveusa/synthia","2026-02-13T03:12:59Z"
"266","executiveusa/Synthia-3.0","Synthia-3.0","False","True","False","https://github.com/executiveusa/Synthia-3.0","2025-12-04T20:05:06Z"
"267","executiveusa/synthia-4.1","synthia-4.1","False","True","False","https://github.com/executiveusa/synthia-4.1","2026-01-26T08:36:29Z"
"268","executiveusa/Synthia-4.2","Synthia-4.2","False","True","False","https://github.com/executiveusa/Synthia-4.2","2026-02-10T09:24:19Z"
"269","executiveusa/synthia-demo","synthia-demo","True","False","False","https://github.com/executiveusa/synthia-demo","2025-10-29T04:44:01Z"
"270","executiveusa/tanda_cdmx","tanda_cdmx","True","False","False","https://github.com/executiveusa/tanda_cdmx","2026-01-30T09:33:21Z"
"271","executiveusa/Telegram-bot","Telegram-bot","False","False","False","https://github.com/executiveusa/Telegram-bot","2026-01-27T06:44:17Z"
"272","executiveusa/terabithia","terabithia","True","False","False","https://github.com/executiveusa/terabithia","2025-10-13T21:33:20Z"
"273","executiveusa/terabithiaweb3","terabithiaweb3","True","False","False","https://github.com/executiveusa/terabithiaweb3","2025-03-10T07:11:30Z"
"274","executiveusa/the-minority-report","the-minority-report","True","False","False","https://github.com/executiveusa/the-minority-report","2025-10-07T19:14:32Z"
"275","executiveusa/the-pauli-effect","the-pauli-effect","True","False","False","https://github.com/executiveusa/the-pauli-effect","2026-01-09T20:49:13Z"
"276","executiveusa/the-smoke","the-smoke","True","False","False","https://github.com/executiveusa/the-smoke","2025-12-17T11:02:17Z"
"277","executiveusa/thekey","thekey","True","False","False","https://github.com/executiveusa/thekey","2025-05-14T22:14:37Z"
"278","executiveusa/thenetwork","thenetwork","True","False","False","https://github.com/executiveusa/thenetwork","2025-03-10T04:31:25Z"
"279","executiveusa/thepaulieffect","thepaulieffect","True","False","False","https://github.com/executiveusa/thepaulieffect","2026-02-19T19:06:15Z"
"280","executiveusa/thepuppetmaster","thepuppetmaster","True","False","False","https://github.com/executiveusa/thepuppetmaster","2025-07-07T14:42:54Z"
"281","executiveusa/tila-airplant-ecommerce","tila-airplant-ecommerce","False","True","False","https://github.com/executiveusa/tila-airplant-ecommerce","2025-12-03T20:16:36Z"
"282","executiveusa/trail-mixx","trail-mixx","False","False","False","https://github.com/executiveusa/trail-mixx","2025-10-11T22:59:05Z"
"283","executiveusa/trail-mixx-source-code","trail-mixx-source-code","False","True","False","https://github.com/executiveusa/trail-mixx-source-code","2025-12-15T16:17:28Z"
"284","executiveusa/ui-ux-pro-max-skill-ht27tps-github.com-nextlevelbuilder-ui-ux-pro-max-skill","ui-ux-pro-max-skill-ht27tps-github.com-nextlevelbuilder-ui-ux-pro-max-skill","False","True","False","https://github.com/executiveusa/ui-ux-pro-max-skill-ht27tps-github.com-nextlevelbuilder-ui-ux-pro-max-skill","2026-01-20T08:32:30Z"
"285","executiveusa/v0-leonradio-website","v0-leonradio-website","True","False","False","https://github.com/executiveusa/v0-leonradio-website","2025-10-11T10:07:25Z"
"286","executiveusa/vallarta-voyage-explorer","vallarta-voyage-explorer","False","False","False","https://github.com/executiveusa/vallarta-voyage-explorer","2025-12-19T16:30:36Z"
"287","executiveusa/veronika-mvp-export","veronika-mvp-export","True","False","False","https://github.com/executiveusa/veronika-mvp-export","2025-08-17T16:17:46Z"
"288","executiveusa/veronika-mvp-final","veronika-mvp-final","False","False","False","https://github.com/executiveusa/veronika-mvp-final","2025-12-29T21:47:22Z"
"289","executiveusa/VIPposta","VIPposta","True","False","False","https://github.com/executiveusa/VIPposta","2025-11-21T09:41:57Z"
"290","executiveusa/VisionClaw","VisionClaw","False","True","False","https://github.com/executiveusa/VisionClaw","2026-02-16T09:57:55Z"
"291","executiveusa/voice-agents-fork","voice-agents-fork","False","True","False","https://github.com/executiveusa/voice-agents-fork","2026-02-16T09:57:30Z"
"292","executiveusa/voice-web-architect","voice-web-architect","True","False","False","https://github.com/executiveusa/voice-web-architect","2026-02-16T09:57:58Z"
"293","executiveusa/WEB3SAAS-APP","WEB3SAAS-APP","True","False","False","https://github.com/executiveusa/WEB3SAAS-APP","2025-03-03T11:20:25Z"
"294","executiveusa/web3sass","web3sass","False","False","False","https://github.com/executiveusa/web3sass","2025-03-03T06:41:11Z"
"295","executiveusa/wherespauli","wherespauli","True","False","False","https://github.com/executiveusa/wherespauli","2025-02-28T22:42:35Z"
"296","executiveusa/world-matrix","world-matrix","True","False","False","https://github.com/executiveusa/world-matrix","2025-10-11T05:34:05Z"
"297","executiveusa/yappyverse","yappyverse","False","False","False","https://github.com/executiveusa/yappyverse","2025-05-05T22:28:47Z"
"298","executiveusa/yappyverse-drop-control","yappyverse-drop-control","True","False","False","https://github.com/executiveusa/yappyverse-drop-control","2025-06-18T17:42:34Z"
"299","executiveusa/yappyverse-genesis-project","yappyverse-genesis-project","True","False","False","https://github.com/executiveusa/yappyverse-genesis-project","2025-06-30T03:54:22Z"
"300","executiveusa/yappyverse-merch-forge","yappyverse-merch-forge","True","False","False","https://github.com/executiveusa/yappyverse-merch-forge","2025-07-25T08:57:14Z"
"301","executiveusa/yappyverse-newsletter","yappyverse-newsletter","True","False","False","https://github.com/executiveusa/yappyverse-newsletter","2025-09-07T18:26:42Z"
"302","executiveusa/youtube-monster-tran","youtube-monster-tran","True","False","False","https://github.com/executiveusa/youtube-monster-tran","2025-09-11T21:29:07Z"
"303","executiveusa/youtubemonster","youtubemonster","True","False","False","https://github.com/executiveusa/youtubemonster","2025-09-28T18:13:14Z"
"304","executiveusa/youtubemonster2.1","youtubemonster2.1","True","False","False","https://github.com/executiveusa/youtubemonster2.1","2025-10-14T20:21:12Z"
"305","executiveusa/youtubetranscripts","youtubetranscripts","True","False","False","https://github.com/executiveusa/youtubetranscripts","2025-05-17T08:44:13Z"
"306","THE-PAULI-EFFECT/chef-culture-kitchen-","chef-culture-kitchen-","False","True","False","https://github.com/THE-PAULI-EFFECT/chef-culture-kitchen-","2025-11-30T09:56:15Z"
"307","THE-PAULI-EFFECT/Claude-Business-Website-Template-kimi-K2","Claude-Business-Website-Template-kimi-K2","False","True","False","https://github.com/THE-PAULI-EFFECT/Claude-Business-Website-Template-kimi-K2","2025-10-31T11:50:20Z"
"308","THE-PAULI-EFFECT/cult-directory-smart--directory-","cult-directory-smart--directory-","False","True","False","https://github.com/THE-PAULI-EFFECT/cult-directory-smart--directory-","2025-11-30T10:08:37Z"
"309","THE-PAULI-EFFECT/DJ-Smartsite-","DJ-Smartsite-","False","True","False","https://github.com/THE-PAULI-EFFECT/DJ-Smartsite-","2025-12-10T16:35:46Z"
"310","THE-PAULI-EFFECT/hustle-claude.3.0","hustle-claude.3.0","False","True","False","https://github.com/THE-PAULI-EFFECT/hustle-claude.3.0","2025-11-04T07:38:39Z"
"311","THE-PAULI-EFFECT/octopus-arch","octopus-arch","False","True","False","https://github.com/THE-PAULI-EFFECT/octopus-arch","2026-02-18T03:36:25Z"
"312","THE-PAULI-EFFECT/OpenHands-Agent-Zero-","OpenHands-Agent-Zero-","False","True","False","https://github.com/THE-PAULI-EFFECT/OpenHands-Agent-Zero-","2026-01-15T14:43:27Z"
"313","THE-PAULI-EFFECT/pauli-effect-landing-page","pauli-effect-landing-page","False","True","False","https://github.com/THE-PAULI-EFFECT/pauli-effect-landing-page","2026-01-28T19:46:54Z"
"314","THE-PAULI-EFFECT/pauli-official-brand-guidelines","pauli-official-brand-guidelines","False","True","False","https://github.com/THE-PAULI-EFFECT/pauli-official-brand-guidelines","2026-02-14T03:53:53Z"
"315","THE-PAULI-EFFECT/posta-app","posta-app","False","True","False","https://github.com/THE-PAULI-EFFECT/posta-app","2025-10-29T05:09:48Z"
"316","THE-PAULI-EFFECT/strapi-next-monorepo-starter","strapi-next-monorepo-starter","False","True","False","https://github.com/THE-PAULI-EFFECT/strapi-next-monorepo-starter","2025-10-14T04:23:10Z"
